source_record_id,family,title,owner_or_publisher,canonical_url,authority_class,materiality,primary_domains,coverage_status,issue,last_verified,notes
SM-IAM-001,Cloud-IAM,AWS IAM Identity Management,Amazon Web Services,https://docs.aws.amazon.com/IAM/latest/UserGuide/introduction_identity-management.html,official-product-doc,material,"Authorization;Workload Identity;Federation",seeded-needs-exhaustive,#72,2026-08-29,"Identity/principal/policy role semantics; vendor terminology requires neutral mapping."
SM-IAM-002,Cloud-IAM,AWS IAM Identity Center Permission Sets,Amazon Web Services,https://docs.aws.amazon.com/singlesignon/latest/userguide/permissionsetsconcept.html,official-product-doc,material,"Authorization;Identity Administration",seeded-needs-exhaustive,#72,2026-08-29,"PermissionSet/AccountAssignment evidence for PermissionBundle/AccessGrant."
SM-IAM-003,CIAM,Amazon Cognito,Amazon Web Services,https://docs.aws.amazon.com/cognito/latest/developerguide/what-is-amazon-cognito.html,official-product-doc,supporting,"Identity Administration;Authentication;Federation",seeded-needs-exhaustive,#72,2026-08-29,"User Pool and Identity Pool are operational constructs."
SM-IAM-004,Cloud-IAM,Microsoft Entra ID,Microsoft,https://learn.microsoft.com/en-us/entra/fundamentals/what-is-entra,official-product-doc,material,"Identity Administration;Federation;Authorization;Workload Identity",seeded-needs-exhaustive,#72,2026-08-29,"Directory/tenant identity platform anchor."
SM-IAM-005,Cloud-IAM,Microsoft Entra Application and Service Principal objects,Microsoft,https://learn.microsoft.com/en-us/entra/identity-platform/app-objects-and-service-principals,official-product-doc,material,"Identity Administration;Workload Identity;Authorization",seeded-needs-exhaustive,#72,2026-08-29,"Critical anti-conflation source: Application object differs from tenant-local ServicePrincipal."
SM-IAM-006,Workload-Identity,Microsoft Managed Identities,Microsoft,https://learn.microsoft.com/en-us/entra/identity/managed-identities-azure-resources/overview-for-developers,official-product-doc,material,"Workload Identity;Authorization",seeded-needs-exhaustive,#72,2026-08-29,"System-assigned vs user-assigned lifecycle patterns."
SM-IAM-007,External-Identity,Microsoft Entra External ID,Microsoft,https://learn.microsoft.com/en-us/entra/external-id/external-identities-overview,official-product-doc,supporting,"Identity Administration;Federation;Authentication",seeded-needs-exhaustive,#72,2026-08-29,"External identity/CIAM evidence; not Social Identity."
SM-IAM-008,Cloud-IAM,Google Cloud IAM,Google Cloud,https://cloud.google.com/iam/docs/overview,official-product-doc,material,"Authorization;Workload Identity",seeded-needs-exhaustive,#72,2026-08-29,"Role/permission/policy/principal mapping evidence."
SM-IAM-009,Federation,Google Workforce Identity Federation,Google Cloud,https://docs.cloud.google.com/iam/docs/workforce-identity-federation,official-product-doc,material,"Federation;Authorization;Identity Administration",seeded-needs-exhaustive,#72,2026-08-29,"Sync-less workforce federation; strong Federation != Provisioning evidence."
SM-IAM-010,Workload-Identity,Google Workload Identity Federation,Google Cloud,https://docs.cloud.google.com/iam/docs/workload-identity-federation,official-product-doc,material,"Workload Identity;Federation;Authorization",seeded-needs-exhaustive,#72,2026-08-29,"External workload federation and short-lived credential exchange."
SM-IAM-011,Directory,Okta Universal Directory,Okta,https://developer.okta.com/docs/concepts/universal-directory/,official-product-doc,material,"Identity Administration;Identity Information",seeded-needs-exhaustive,#72,2026-08-29,"IdentityStore/UserProfile/AttributeMapping evidence."
SM-IAM-012,Federation,Okta External Identity Providers,Okta,https://developer.okta.com/docs/concepts/identity-providers/,official-product-doc,material,"Federation;Identity Administration;Authentication",seeded-needs-exhaustive,#72,2026-08-29,"IdP routing/profile sync/account-linking evidence."
SM-IAM-013,CIAM,Auth0 Identity Providers,Okta/Auth0,https://auth0.com/docs/authenticate/identity-providers,official-product-doc,supporting,"Federation;Identity Administration;Authentication",seeded-needs-exhaustive,#72,2026-08-29,"Connection as source/federation configuration."
SM-IAM-014,Open-IAM,Keycloak Server Administration Guide,Keycloak,https://www.keycloak.org/docs/latest/server_admin/,official-project-doc,material,"Identity Administration;Federation;Authentication;Authorization",seeded-needs-exhaustive,#72,2026-08-29,"Realm/user/client/role/session/broker/user-federation operational model."
SM-IAM-015,Open-IAM,ZITADEL Organizations and IAM model,ZITADEL,https://zitadel.com/docs/guides/manage/console/organizations-overview,official-project-doc,material,"Identity Administration;Federation;Authorization;Workload Identity",seeded-needs-exhaustive,#72,2026-08-29,"Organization/project/service-account/role-assignment/account-linking evidence."
SM-DIR-001,Directory,LDAP v3,IETF,https://www.rfc-editor.org/rfc/rfc4511,normative-protocol,material,"Identity Administration;Identity Information",seeded-needs-exhaustive,#73,2026-08-29,"Directory entry/DN/attribute semantics are interoperability/storage constructs."
SM-DIR-002,Provisioning,SCIM Core Schema,IETF,https://www.rfc-editor.org/rfc/rfc7643,normative-protocol,material,"Identity Administration;Identity Information",seeded-needs-exhaustive,#73,2026-08-29,"User/Group interoperability resources; do not equate with IdentitySubject/social group."
SM-DIR-003,Provisioning,SCIM Protocol,IETF,https://www.rfc-editor.org/rfc/rfc7644,normative-protocol,material,"Identity Administration",seeded-needs-exhaustive,#73,2026-08-29,"Provisioning lifecycle/synchronization source."
SM-IMPL-001,Reference-Implementation,Keycloak repository,Keycloak,https://github.com/keycloak/keycloak,operational-implementation,supporting,"Identity Administration;Federation;Authentication;Authorization",seeded,#75,2026-08-29,"Code/implementation evidence, not ontology authority."
SM-IMPL-002,Reference-Implementation,ZITADEL repository,ZITADEL,https://github.com/zitadel/zitadel,operational-implementation,supporting,"Identity Administration;Federation;Authorization;Workload Identity",seeded,#75,2026-08-29,"Modern multitenant IAM implementation."
SM-IMPL-003,Reference-Implementation,SPIRE repository,SPIFFE,https://github.com/spiffe/spire,operational-implementation,material,"Workload Identity;Identity Evidence;Credential Management",seeded,#75,2026-08-29,"Strong workload attestation/credential implementation evidence."
SM-IMPL-004,Conformance,W3C VC Data Model 2.0 Test Suite,W3C,https://github.com/w3c/vc-data-model-2.0-test-suite,official-conformance-suite,supporting,"Credential Management;Credential Exchange",seeded,#75,2026-08-29,"Executable data-model conformance evidence."
SM-IMPL-005,Conformance,OpenID Certification Conformance Suite,OpenID Certification,https://github.com/openid-certification/conformance-suite,official-conformance-suite,supporting,"Federation;Authentication;Authorization;Credential Exchange",seeded,#75,2026-08-29,"GitHub mirror/upstream lineage and exact license must remain explicit."
SM-DATA-001,Dataset,LANL User-Computer Authentication Associations in Time,Los Alamos National Laboratory,https://doi.org/10.11578/1160076,empirical-dataset,material,"Authentication;Identity Administration",qualified,#74,2026-08-29,"Primary authentication/scale dataset."
SM-DATA-002,Dataset,Risk-Based Authentication Login Dataset,Zenodo/H-BRS/Telenor Digital,https://doi.org/10.5281/zenodo.6782156,empirical-dataset,material,"Authentication;Identity Administration;Device Identity",qualified-with-limitation,#74,2026-08-29,"Synthetic feature values; preserve qualification."
SM-DATA-003,Dataset,World Bank ID4D Global Dataset 2025,World Bank,https://id4d.worldbank.org/global-dataset,institutional-dataset,material,"Government Identity;Trust Governance",qualified,#74,2026-08-29,"Aggregate government/digital-ID context."
SM-DATA-004,Dataset,Global Findex 2025 with ID4D module,World Bank,https://doi.org/10.48529/bk9n-8r43,institutional-dataset,supporting,"Government Identity;Identity Information",qualified,#74,2026-08-29,"Person-level survey complement; no technical assurance inference."
SM-DATA-005,Dataset,LANL Comprehensive Multi-Source Cyber-Security Events,Los Alamos National Laboratory,https://csr.lanl.gov/data/cyber1/,empirical-dataset,material-candidate,"Authentication;Identity Administration;Device Identity",candidate-needs-bounded-extraction,#74,2026-08-29,"Use identity/authentication slice only; broad cyber data not ontology authority."