extract_id,entra_construct,kind,source_semantics,important_relations_or_lifecycle,cm4di_disposition,cm4di_target,ddd_domain,semantic_risk,status
ENTRA-X-001,Tenant/Directory,administrative-boundary,"Directory/tenant contains local identity objects and service principals","contains users groups apps service principals devices policies; scopes local object IDs",mapping,CM4DI-C1006 AdministrativeDomain,Identity Administration,"Not IdentityContext",accepted
ENTRA-X-002,ApplicationObject,application-definition,"Global/home-tenant application definition created by app registration","referenced by tenant-local service principals; declares app roles/permissions/redirects",mapping-composite,"CM4DI-C1007 Application; C1008 ApplicationRegistration",Identity Administration,"Application object is a managed representation/configuration, not the executing software instance",investigate
ENTRA-X-003,ServicePrincipal,tenant-local-security-representation,"Local representation/application instance of an application in a tenant; defines what app can do and access","references application object; receives role/app assignments; authenticates/acts as principal",mapping-composite,"CM4DI-C3004 ServicePrincipal; C0025 Principal; representation relation to Application",Workload Identity,"Do not equate with Application or workload process",accepted
ENTRA-X-004,ManagedIdentity,provider-managed-service-principal,"Service principal type created/managed by Azure; no associated application object for managed identity","platform manages credentials; assigned roles; used by Azure resource/workload",mapping,CM4DI-C3005 ManagedIdentity,Workload Identity,"Managed identity is not generic DigitalIdentity and is not an Application object",accepted
ENTRA-X-005,User,managed-representation/principal,"Directory user object that can authenticate and receive assignments","belongs to tenant; groups; roles; app roles; sessions/authentication methods",mapping-composite,"C1001 Account; C1002 UserProfile; C0025 Principal",Identity Administration,"Not real-world IdentitySubject",accepted
ENTRA-X-006,Group,operational/organizational-group,"Directory group aggregates users/devices/service principals depending group type and can receive assignments","has members; assigned roles/app roles/resource access",mapping/bridge,"C1019 AccessGroup when access-oriented; W3C ORG bridge for organization semantics",Authorization,"Not every Entra group is merely access group",investigate
ENTRA-X-007,AppRole,authorization-definition,"Application-defined role/permission assignable to user/group/service principal","defined by resource application; assignment emitted in roles claim",mapping,CM4DI-C1016 PermissionBundle / C0028 Permission,Authorization,"Not UFO Role; exact granularity varies by app role definition",accepted
ENTRA-X-008,AppRoleAssignment,access-grant,"Assignment of app role from resource service principal to user/group/client service principal","principal receives app role for resource; create/remove lifecycle",mapping,CM4DI-C0029 AccessGrant,Authorization,"Not runtime AuthorizationResult",accepted
ENTRA-X-009,DirectoryRoleDefinition,authorization-bundle,"Microsoft Entra admin role definition containing allowed directory actions","assigned to principal at scope",mapping,CM4DI-C1016 PermissionBundle,Authorization,"Not application AppRole and not UFO Role",accepted
ENTRA-X-010,RoleAssignment,access-grant,"Resource linking security principal to role definition at scope","created to grant access; removed to revoke; has principal/role/scope",mapping,CM4DI-C0029 AccessGrant,Authorization,"Role assignment is durable relation not authorization decision",accepted
ENTRA-X-011,ApplicationPermission,permission-definition,"App-only permission exposed as app role by resource application","assigned to client service principal; used for app-only access",mapping,CM4DI-C0028 Permission / C1016 PermissionBundle,Authorization,"Do not conflate permission definition with assignment/consent",accepted
ENTRA-X-012,DelegatedPermission,permission-scope,"Permission exercised by app on behalf of signed-in user within delegated context","consented; represented in scopes; requires user/delegated context",mapping-composite,"C0028 Permission; C0030 Delegation; C0029 AccessGrant",Authorization,"Delegated permission is not identical to application permission",accepted
ENTRA-X-013,OAuth2PermissionGrant,delegated-consent-grant,"Directory object recording delegated permission consent between client, resource and optionally principal","grants scopes; tenant/user consent; lifecycle create/revoke",mapping,CM4DI-C0029 AccessGrant + C0030 Delegation,Authorization,"Consent record/grant differs from Permission itself",investigate
ENTRA-X-014,ConditionalAccessPolicy,policy-artifact,"Policy evaluates identity/resource/context/risk/device conditions and enforces controls","targets users/workloads/agents/resources; applies conditions; grants/blocks/session controls",mapping,CM4DI-C1017 AccessPolicy + C1018 AccessCondition,Authorization,"Policy engine semantics broader than Core Authorization",accepted
ENTRA-X-015,Device,directory-device-entity/record,"Device represented in directory and used in authentication/conditional access","registered/joined; compliant/risk state; associated users; can be targeted by policy",mapping-composite,"C3006 Device; C3007 DeviceIdentityRecord",Device Identity,"Directory object is not physical device itself",accepted
ENTRA-X-016,AgentIdentityBlueprint,agent-template/definition,"Reusable blueprint whose tenant-local blueprint principal creates and manages agent identities","one blueprint to many agents; protocol properties inherited by agents",candidate-agent-pattern,"Application/ApplicationRegistration-like agent blueprint extension",Agent Identity,"Blueprint is not agent identity instance and not sponsor",investigate
ENTRA-X-017,AgentIdentityBlueprintPrincipal,tenant-local-principal,"Service principal representing blueprint in tenant and managing agent identities","obtains app-only token; creates/manages agent identities",candidate-agent-pattern,"ServicePrincipal + Principal",Agent Identity,"Management principal differs from individual agent identity",investigate
ENTRA-X-018,AgentIdentity,agent-service-principal,"Single-tenant service principal with agent subtype and agent-specific delegation/audit behavior","ParentID links blueprint; has sponsor; permissions direct/inherited; tokens issued on behalf of agent; audited distinctly",strong-extension-evidence,"C3017 AgentIdentity; C3004 ServicePrincipal; C0025 Principal",Agent Identity,"AgentIdentity is not AIAgent software entity itself",accepted
ENTRA-X-019,AgentSponsor,governance-role,"Assigned sponsor/accountability relationship for agent identity","sponsor required/associated; lifecycle/accountability governance",strong-extension-evidence,CM4DI-C3018 AgentSponsor,Agent Identity,"Sponsor is contextual governance role not owner/equality",accepted
ENTRA-X-020,ParentID,blueprint-agent-relation,"Agent identity inherits protocol properties/delegated permission baseline from parent blueprint","one-to-many parent-child relation; supports token exchange/impersonation lifecycle",candidate-relation,AgentIdentity blueprint relation,Agent Identity,"Not class-subclass relation; model as managed provenance/templating relation",investigate
ENTRA-X-021,AgentImpersonation/TokenExchange,delegated-operation,"Blueprint obtains tokens on behalf of agent identity; resulting token/audit represents agent","parent blueprint performs exchange; agent is acting client; supports autonomous/delegated modes",candidate-event-relation,"Delegation; TokenExchange; AgentIdentity; Principal",Agent Identity,"Technical impersonation must not mean identity equality",investigate
ENTRA-X-022,InheritedDelegatedPermissions,authorization-inheritance,"Agent identity may inherit delegated permissions from blueprint baseline","permission inheritance plus direct assignment; affects effective authority",candidate-constraint-relation,"PermissionBundle/AccessGrant inheritance",Authorization,"Inheritance is authorization configuration not ontological specialization",investigate
ENTRA-X-023,AgentConditionalAccess,agent-policy,"Conditional Access can target agent identities with distinct autonomous/on-behalf-of scenarios","targets agent/resource; evaluates signals; enforces access controls",mapping,AccessPolicy/AccessCondition/Authorization,Authorization,"Agent policy targeting validates AgentIdentity as Principal, not new Core authorization model",accepted
