catalog_id,evidence_id,title,authors,year,venue_or_type,doi_or_identifier,work_type,paradigm_or_scope,cm4di_overlap,cm4di_position,esm_materiality,coverage_status,last_verified
ACA-001,CM4DI-EVID0106,"The Pervasiveness of Digital Identity: Surveying Themes, Trends, and Ontological Foundations","Comb; Martin",2026,Information,"10.3390/info17010085","broad survey and ontological synthesis","cross-domain digital identity","Definitions, themes, ontological fragments, broad literature coverage","Strong breadth precursor; CM4DI must add governed formal ontology, cross-standard/framework alignment and executable evaluation",material,"existing-summary_needs-fulltext-revalidation",2026-08-29
ACA-002,CM4DI-EVID0107,"MFSSIA: Ontology of blockchain-based multi-factor challenge set self-sovereign identity authentication","Kormiltsyn et al.",2026,"Telematics and Informatics Reports","10.1016/j.teler.2026.100322","formal ontology","SSI/M2X challenge-response authentication","UFO, authentication, trust, non-human/machine interactions","Closest direct UFO competitor but materially narrower than CM4DI intended reference scope",material,"existing-summary_needs-fulltext-revalidation",2026-08-29
ACA-003,CM4DI-EVID0108,"Conceptualizing Self-Sovereign Identity","Richter; Anke",2026,"Electronic Markets","10.1007/s12525-025-00867-8","conceptual framework","SSI","SSI principles, governance/technical distinctions","Useful conceptual comparator; not a cross-paradigm formal ontology",material,"existing-summary_needs-fulltext-revalidation",2026-08-29
ACA-004,CM4DI-EVID0109,"Self-sovereign identity in enterprise IAM","Glöckler et al.",2024,"Business & Information Systems Engineering","10.1007/s12599-023-00830-x","enterprise IAM/SSI research","enterprise SSI/IAM","Enterprise IAM integration and organizational adoption","Operational/enterprise comparator supporting P01/P02 boundary, not unified formal ontology",supporting,"existing-summary",2026-08-29
ACA-005,CM4DI-EVID0110,"Self-Sovereign Identity: A Systematic Review, Mapping and Taxonomy","Schardong; Custodio",2022,Sensors,"10.3390/s22155641","systematic review/taxonomy","SSI","SSI taxonomy and literature baseline","Review evidence, not ontology authority; helps avoid SSI bias and locate earlier work",supporting,"existing-summary_needs-citation-chain",2026-08-29
ACA-006,CM4DI-EVID0111,"A Decentralized Digital Identity Architecture","Goodell; Aste",2019,Frontiers in Blockchain,"10.3389/fbloc.2019.00017","architecture/conceptual work","decentralized identity","Identity architecture and decentralized control","Architecture comparator rather than formal ontology",supporting,"existing-summary",2026-08-29
ACA-007,CM4DI-EVID0112,"Towards Interoperable Self-Sovereign Identities","Yildiz et al.",2023,IEEE Access,"10.1109/ACCESS.2023.3313723","reference model","SSI interoperability","Interoperability dimensions/reference model","Important reference-model comparator; CM4DI targets semantic ontology across paradigms",material,"bibliography-verified_needs-fulltext-revalidation",2026-08-29
ACA-008,CM4DI-EVID0113,"A Formal Model of Self-Sovereign Identity","Ferdous et al.",2019,"formal/conceptual research","identifier in academic registry","formal model","SSI","Formal roles/processes and SSI properties","Formal SSI comparator; CM4DI broader and ontology/UFO grounded",material,"existing-summary_needs-bibliography-fulltext-revalidation",2026-08-29
ACA-009,,"An Ontology-Based Architecture for Federated Identity Management","Layouni; Pollet",2009,AINA,"10.1109/AINA.2009.124","OWL ontology architecture","federated identity","IdP, ServiceProvider, CircleOfTrust, federation ontology in OWL","Historical direct formal comparator and evidence that formal federation ontologies predate CM4DI; CM4DI contribution cannot rest on being first ontology",material,"fulltext-locator-found_needs-extraction",2026-08-29
ACA-010,,"Distributed Identity Management for Semantic Entities (semDIM)","Schönteich; Kasten; Scherp",2020,"Springer CCIS / semantic identity research","10.1007/978-3-030-76228-5_36","DUL-based OWL ontology patterns + semantic-web architecture","distributed identity","persons, groups, roles, distributed identifiers, namespaces, reasoning, owl:sameAs","Direct semantic competitor. Particularly useful contrast to CM4DI's conservative co-reference/account-linking semantics and broader cross-paradigm scope",material,"discovered_needs-fulltext-extraction",2026-08-29
ACA-011,,"SemID: Combining Semantics with Identity Management","Chowdhury; Gómez; Noll; Crespo",2007,SECURWARE,"10.1109/SECUREWARE.2007.4385304","identity-management ontology","corporate IAM/access control","roles, policies, rules, resources, privacy/access control","Historical enterprise semantic-IAM comparator; CM4DI must show broader ontology distinction and modern standards/evaluation delta",material,"discovered_needs-fulltext-extraction",2026-08-29
ACA-012,,"Speaking Things into Existence: Ontological Foundations of Identity Representation and Management","Eriksson; Ågerfalk",2021,"Information Systems Journal","10.1111/ISJ.12330","ontological conceptual analysis","institutional identity; identity management; digital infrastructures","Ontological identity, institutional identity, representation/management foundations","Important theoretical comparator/foundation rather than executable identity ontology; must inform how CM4DI distinguishes identity-bearing entities and institutional/digital representations",material,"discovered_needs-fulltext-extraction",2026-08-29
ACA-013,,"Decentralized Semantic Identity","Faísca; Rogado",2016,SEMANTiCS,"10.1145/2993318.2993348","semantic architecture","WebID/FOAF/JWT/blockchain decentralized identity","personal semantic profile, claims, authentication and decentralized control","Near-direct semantic architecture comparator; narrower technology-bound design and no UFO-grounded cross-paradigm reference ontology",supporting,"discovered_needs-fulltext-extraction",2026-08-29
ACA-014,,"A Survey of Self-Sovereign Identity Ecosystem","Soltani; Nguyen; An",2021,"Security and Communication Networks","10.1155/2021/8873429","survey","SSI ecosystem","identity evolution, platforms, projects, regulation, DIDs, VCs and challenges","Supporting breadth/review evidence; useful for citation chaining and commercial/technical SSI landscape, not ontology authority",supporting,"bibliography-verified_needs-relevance-extraction",2026-08-29
ACA-015,,"Self-Sovereign Identity as a Secure and Trustworthy Approach to Digital Identity Management: A Comprehensive Survey","Fathalla; Azab; Xin; Wu",2025,"ACM Computing Surveys","10.1145/3785466","comprehensive survey","SSI and commercial/technical DIM","SSI architecture/components, commercial solutions, security, storage, governance and open challenges","Current broad SSI survey useful for completeness and current-gap checking; CM4DI should demonstrate non-SSI cross-paradigm contribution",material,"discovered_needs-fulltext-extraction",2026-08-29
