concept_id,label,ontouml_stereotype,semantic_family,definition,parent_or_played_role,status,evidence_basis,cq_ids,scope_note
CM4DI-C0001,Party,roleMixin,Subjecthood/Interaction,"Contextual role played by an entity participating in an identity-related interaction; not a universal superclass of persons organizations devices or software.",External substantial entity,candidate,"GateB NC032; baseline; standards; IAM","CQ0002;CQ0005;CQ0022","May be played by heterogeneous kinds supplied by profiles/domain models."
CM4DI-C0002,IdentitySubject,roleMixin,Subjecthood,"Contextual role played by an entity that a DigitalIdentity Claim Credential or identity-management process is about.",External substantial entity,candidate,"GateB NC001; ISO; government; nonhuman","CQ0001;CQ0002;CQ0003","Human/non-human neutral."
CM4DI-C0003,DigitalIdentity,kind,Digital Representation,"Managed digital information/representation artifact that represents an IdentitySubject in an IdentityContext.",InformationObject,candidate,"GateB NC002; baseline; academic; IAM","CQ0001;CQ0002;CQ0024","Distinct from subject Account Profile LegalIdentity and Identifier."
CM4DI-C0004,Identifier,kind,Digital Representation,"Information/sign used to distinguish or reference an entity or representation under an identifier scheme and scope.",InformationObject,candidate,"GateB NC003; ISO; DID; SPIFFE","CQ0004","DID/SPIFFE ID are profile mappings/specializations."
CM4DI-C0005,IdentityContext,situation,Digital Representation,"Contextual situation in which a DigitalIdentity Identifier or identity information receives its intended identity-management interpretation.",Situation,candidate,"GateB NC004; baseline; academic","CQ0001;CQ0002;CQ0017","Not Tenant Realm TrustDomain Audience or social context by default."
CM4DI-C0006,IdentityAttribute,kind,Identity Information,"Information element representing a property/value attributed to an IdentitySubject for identity-management purposes.",InformationObject,candidate,"GateB NC009; baseline; government; IAM","CQ0005;CQ0006","Do not equate automatically with intrinsic UFO qualities or social identities."
CM4DI-C0007,Claim,kind,Identity Information,"Assertion information object expressing a proposition about an IdentitySubject and optionally one or more IdentityAttributes.",InformationObject,candidate,"GateB NC008; OIDC; VC; NIST; academic","CQ0005;CQ0006","Protocol name/value claim members are mappings, not ontological definition."
CM4DI-C0008,Evidence,kind,Evidence/Provenance,"Information artifact used to support a Claim IdentityProofing IdentityBinding attestation or assessment.",InformationObject,candidate,"GateB NC005/007; NIST; nonhuman; academic","CQ0006;CQ0007;CQ0010;CQ0012","Generic evidence; source/derivation explicitly modeled."
CM4DI-C0009,Proof,role,Evidence/Provenance,"Contextual role played by Evidence when it is used to establish or verify a proposition binding or integrity claim.",Evidence,candidate,"GateB NC007; VC Data Integrity; WebAuthn; academic","CQ0007","Cryptographic proof mechanisms stay in profiles."
CM4DI-C0010,IdentityBinding,relator,Evidence/Binding,"Relator that mediates an IdentitySubject and one or more identity representations credentials or authenticators and is grounded by evidence/provenance.",Relator,candidate,"GateB NC011; government; attestation; standards","CQ0011;CQ0012","Distinct from simple aboutness and from account linking."
CM4DI-C0011,Credential,kind,Credential,"Issued information artifact carrying/supporting Claims about one or more subjects with provenance and lifecycle/status semantics.",InformationObject,candidate,"GateB NC012; NIST; W3C VC; ISO; SPIFFE","CQ0008;CQ0009","Includes human/non-human credential categories without equating every token to identity."
CM4DI-C0012,CredentialStatus,mode,Credential,"Dependent status mode of a Credential such as active suspended revoked expired or otherwise invalid according to a status scheme.",Credential,candidate,"GateB NC013; VC status; academic","CQ0008;CQ0009","Concrete status-list encodings are profile-specific."
CM4DI-C0013,CredentialLifecycleEvent,event,Credential,"Event that changes or establishes a lifecycle state/status of a Credential.",Event,candidate,"GateB NC015; academic; machine rotation","CQ0009","Abstract pattern; profile-specific event types may specialize it."
CM4DI-C0014,CredentialIssuance,event,Credential,"Credential lifecycle event in which an issuer brings an issued Credential into existence or managed validity for a subject/holder context.",CredentialLifecycleEvent,candidate,"GateB NC014; W3C; OpenID4VCI; ISO","CQ0008;CQ0009","Issuer role itself is profile-first."
CM4DI-C0015,IdentityProofing,event,Proofing/Enrollment,"Event/process that evaluates identity evidence to establish confidence that identity information refers/binds to the intended subject.",Event,candidate,"GateB NC006; NIST 800-63A; government","CQ0010","Not Authentication."
CM4DI-C0016,Enrollment,event,Proofing/Enrollment,"Event/process establishing a managed identity relationship or representation for an IdentitySubject within an identity-management context.",Event,candidate,"baseline; NIST; GateB boundary","CQ0011","Not Provisioning."
CM4DI-C0017,Authentication,event,Authentication,"Event/process that verifies an entity/claimant or control of an Authenticator under an authentication context and produces an AuthenticationResult.",Event,candidate,"GateB NC016; NIST; IAM; datasets","CQ0013;CQ0025","Distinct from proofing federation and authorization."
CM4DI-C0018,Authenticator,roleMixin,Authentication,"Contextual role played by a heterogeneous entity/artifact used by an actor during Authentication to demonstrate control/presence/knowledge or other authentication capability.",External entity/artifact,candidate,"baseline; NIST; WebAuthn; device evidence","CQ0013;CQ0014;CQ0028","Device/key/secret are not forced into one kind."
CM4DI-C0019,AuthenticationResult,kind,Authentication,"Information/result artifact recording the outcome of an Authentication including success/failure and references to assurance/context as needed.",InformationObject,candidate,"GateB NC017; baseline; RBA/LANL","CQ0013;CQ0025","Distinct from Session."
CM4DI-C0020,AssuranceAssessment,kind,Trust/Assurance,"Assessment artifact stating an assurance dimension target and level/value/confidence with provenance/evidence.",InformationObject,candidate,"GateB NC028; NIST; ISO 29115; government","CQ0010;CQ0015","Dimensions include proofing authentication federation attribute etc.; no single overloaded LoA."
CM4DI-C0021,Authorization,event,Authorization,"Event/process evaluating an AuthorizationRequest and producing an AuthorizationResult/decision.",Event,candidate,"GateB NC018; ISO 29146; AuthZEN; IAM","CQ0016;CQ0018","Minimal authorization semantics only."
CM4DI-C0022,AuthorizationRequest,kind,Authorization,"Information object describing a requested Principal-Action-Resource access operation and associated AuthorizationContext.",InformationObject,candidate,"GateB NC021; XACML; AuthZEN","CQ0016;CQ0018","Separate from evaluation event and result."
CM4DI-C0023,AuthorizationContext,situation,Authorization,"Situation/environmental context relevant to authorization evaluation such as time device network or request conditions.",Situation,candidate,"GateB NC022; ISO/AuthZEN; IAM conditions","CQ0017","Distinct from IdentityContext."
CM4DI-C0024,AuthorizationResult,kind,Authorization,"Decision/result artifact produced by Authorization recording an explicit authorization decision and references to request/context.",InformationObject,candidate,"GateB NC023; baseline; AuthZEN/XACML","CQ0018","Refines baseline AuthorizationResult rather than adding duplicate Decision class."
CM4DI-C0025,Principal,roleMixin,Authorization,"Contextual role played by an entity or managed representation to which permissions/grants apply or that participates as authorization subject/actor.",External entity/representation,candidate,"GateB NC024; AWS; Entra; Google; Kubernetes","CQ0016;CQ0020;CQ0021;CQ0027","Principal is not Person and not synonymous with IdentitySubject."
CM4DI-C0026,Resource,roleMixin,Authorization,"Contextual role played by an entity/information/service that is the protected target of an authorization request or permission.",External entity/resource,candidate,"GateB NC019; ISO 29146; AuthZEN","CQ0016;CQ0019;CQ0020","Digital/non-digital target kinds remain external."
CM4DI-C0027,Action,kind,Authorization,"Description/specification of an action type or intended operation evaluated in authorization; not the executed event instance itself.",InformationObject,candidate,"GateB NC020; AuthZEN; XACML","CQ0016;CQ0019","Profile mappings may use protocol action strings."
CM4DI-C0028,Permission,kind,Authorization,"Normative information object describing an allowed Action over a Resource or resource scope under defined semantics.",NormativeDescription,candidate,"GateB NC025; IAM; standards","CQ0019;CQ0020","IAM roles/permission sets map to PermissionBundle in P01, not UFO roles."
CM4DI-C0029,AccessGrant,relator,Authorization,"Relator/assignment that mediates a Principal with one or more Permissions and optional Resource/scope/validity, independently of runtime authorization decisions.",Relator,candidate,"GateB NC026; AWS/Entra/Google IAM assignments","CQ0020;CQ0029","Durable grant ≠ AuthorizationResult."
CM4DI-C0030,Delegation,relator,Authorization,"Relator by which an authorizing party/principal empowers another actor/principal to exercise specified permissions or actions within a scope.",Relator,candidate,"GateB NC027; RFC8693; agent evidence; academic","CQ0021;CQ0029","Supports actsOnBehalfOf without conflating actor and subject."
CM4DI-C0031,TrustAssessment,kind,Trust/Assurance,"Assessment artifact concerning trust in a party claim credential source or interaction, explicitly separated from governance framework status and cryptographic validation.",InformationObject,candidate,"GateB NC029; ONTrust alignment; academic; government","CQ0022;CQ0023","Can align to external ONTrust:Trust semantics rather than redefine them."
CM4DI-C0032,TrustReference,kind,Trust/Assurance,"Reference/alignment artifact that identifies an external trust concept framework source or alignment target relevant to CM4DI semantics.",InformationObject,candidate,"baseline; GateB NC029","CQ0022","No longer a catch-all for TrustFramework Registry Anchor or certification."
CM4DI-C0033,RelyingParty,roleMixin,Interaction Role,"Contextual role played by an organization software/service or other party that relies on identity authentication or credential information in an interaction.",Party,candidate,"GateB NC030; NIST; OIDC; WebAuthn","CQ0032","Anti-rigid; not a rigid actor kind."
CM4DI-C0034,Verifier,roleMixin,Interaction Role,"Generic contextual role played by an entity that verifies evidence authentication material or credential presentations; concrete role semantics must be specialized by context/profile.",Party,candidate,"GateB NC031; NIST; VC; ISO","CQ0026;CQ0032","AuthenticationVerifier and CredentialPresentationVerifier must not be conflated."