candidate_id,candidate_label,candidate_type,current_cm4di_status,primary_evidence_families,recurrence,recommendation,rationale,gate_b_question
CAND-NH-001,Identity-Bearing Entity,Foundational abstraction,Partial via Party/IdentitySubject,"ISO 24760; Entra; Google; SPIFFE; device/agent evidence",High,Core foundational review,"Current evidence requires persons organizations devices software/workloads and agents to be representable without assuming all are Parties in the same ontological sense.","Should IdentitySubject become a role played by a broader IdentityBearingEntity abstraction rather than a rigid kind?"
CAND-NH-002,Non-Human Identity Subject,Role/abstraction,Missing,"Entra; Google; Kubernetes; SPIFFE; Agent ID",High,Core-or-profile candidate,"Non-human entities repeatedly participate as identified/authenticated/authorized subjects.","Use one neutral IdentitySubject role for human and non-human entities or add explicit subtype(s)?"
CAND-NH-003,Software Agent,Agentive software entity,Missing,"Entra Agent ID; AWS AgentCore",Medium,Agent profile candidate,"AI-agent sources distinguish autonomous goal-directed software from conventional application identity.","What UFO category captures software agency without anthropomorphizing it?"
CAND-NH-004,AI Agent,Software-agent specialization,Missing,"Entra Agent ID; AWS AgentCore",Medium,Agent profile candidate,"Current platforms treat AI agents as specialized non-human actors with dynamic lifecycle and delegated/autonomous access.","Should AI Agent specialize a generic SoftwareAgent profile class or remain mapping-only until academic evidence?"
CAND-NH-005,Application Definition,Software artifact/entity,Missing,"Entra application object; platform application models",High,Machine/Workload profile,"Durable application definition is distinct from deployed instance/workload and identity account.","How should application artifact identity criteria be modeled under UFO?"
CAND-NH-006,Application Instance / Service Instance,Operational software entity,Missing,"Entra service principal; deployments; AgentCore",Medium,Machine/Workload profile,"An application can have tenant/deployment-specific operational instances distinct from its global definition.","Model as software execution/object, role, or system-specific representation?"
CAND-NH-007,Workload,Running compute entity/context,Missing,"Google WIF; Entra Workload ID; SPIFFE; Kubernetes; AWS",High,Machine/Workload profile with Core subject compatibility,"Workload denotes executing software/process/container/job rather than account or credential.","What identity criterion distinguishes workload from application/service/process, and should Core name it explicitly?"
CAND-NH-008,Process / Runtime Instance,Execution entity,Missing,"SPIRE workload attestation; Kubernetes",Medium,Machine/Workload profile,"Runtime attestation can identify a concrete process or scheduled workload using runtime selectors.","Need explicit Process/RuntimeInstance or can Workload cover these execution particulars?"
CAND-NH-009,Service,Software/service entity or role,Ambiguous,"SPIFFE; Entra; AWS",High,Semantic normalization required,"Service is used for software capability, deployment and IAM service-principal contexts; meanings differ.","Define neutral service semantics or avoid first-class Core use?"
CAND-NH-010,Workload Identity,Digital identity pattern,Missing,"Google; Entra; AWS; AgentCore; SPIFFE",High,Profile candidate using Core DigitalIdentity,"A workload identity is an identity representation enabling a workload to authenticate, not the workload itself.","Can generic DigitalIdentity cleanly represent workload identity without a new Core class?"
CAND-NH-011,Service Account,Account pattern,Missing,"Kubernetes; Entra service-account governance; cloud IAM",High,Profile specialization of Account,"Service account is a non-human account/identity representation used by automation/workloads.","Should ServiceAccount specialize a neutral Account class introduced from Issue #5?"
CAND-NH-012,Service Principal,Security-principal/application-instance pattern,Missing,"Microsoft Entra; AWS service principal terminology",High,Mapping/profile candidate,"Entra service principal is tenant-local application identity/security principal and differs from Kubernetes service account.","Map to Principal + ApplicationInstance rather than introduce universal ServicePrincipal?"
CAND-NH-013,Managed Identity,Managed workload-identity pattern,Missing,"Microsoft Entra; cloud analogues",Medium,Mapping/profile candidate,"Managed identity externalizes credential management and is implemented as a special service principal in Entra.","Model as management property/pattern of WorkloadIdentity rather than ontological kind?"
CAND-NH-014,Federated Workload Principal,Contextual principal,Missing,"Google WIF; GitHub OIDC; Entra federation",High,Machine/Workload profile,"External workload identities can become authorized principals without creating durable local accounts.","Represent as Principal role grounded by Federation/Mapping rather than persistent DigitalIdentity?"
CAND-NH-015,Principal,Authorization role,Missing,"Google; Entra; AWS; Kubernetes; Issue #5",High,Core candidate requiring UFO analysis,"Authorization consistently targets principals that can be human, group or non-human identity representations.","Should Principal be an anti-rigid role played by identity subjects/accounts/representations?"
CAND-NH-016,Device,Physical/virtual object,Missing as explicit identity-bearing kind,"Entra devices; AWS IoT; ISO 24760",High,Core subject compatibility + Device profile,"Devices can be identity-bearing entities with independent registration/state/access relevance.","Does Core require Device as a named kind or only allow external domain entities to play IdentitySubject?"
CAND-NH-017,Device Identity Record,Directory/registry representation,Missing,"Entra Device object; AWS IoT Thing",High,Device profile candidate,"Directory/registry object representing device is distinct from physical/virtual device and from credential.","Specialize Account/DigitalIdentity/RegistryRecord or create DeviceIdentity profile class?"
CAND-NH-018,Device Registration / Join,Binding/governance event,Missing,"Entra device registration/join",Medium,Device profile lifecycle,"Registration/join establishes relationship between device and identity domain; distinct from human enrollment.","Use generic IdentityBinding/Registration pattern or profile event types?"
CAND-NH-019,Device State / Trust State,State/quality,Missing,"Entra device identity; Conditional Access",Medium,Device profile,"Registered/joined/hybrid/compliant/disabled states affect authorization but are not authentication results.","Model generic subject state/assurance or keep device-specific?"
CAND-NH-020,Device Credential,Credential pattern,Representable by Credential,"Entra registration certificates; AWS IoT X.509",High,Device profile mapping,"Devices use certificates/tokens to prove device identity; credential is not the device or identity record.","Can existing Credential represent device credentials without human-centric assumptions?"
CAND-NH-021,Node Attestation,Attestation event/process,Missing,"SPIRE",Medium,Machine/Device profile,"SPIRE distinguishes attestation of host/node from workload process attestation.","Is node attestation a subtype of generic Attestation/IdentityProofing or separate infrastructure evidence process?"
CAND-NH-022,Workload Attestation,Attestation event/process,Missing,"SPIRE",High,Machine/Workload profile + Core evidence pattern,"Runtime metadata/selectors establish which workload/process is requesting identity.","Should generic IdentityBinding/Attestation be Core while workload selectors remain profile mapping?"
CAND-NH-023,Attestation Evidence,Evidence object,Partial via evidence helpers,"SPIRE; WebAuthn/device patterns",High,Core candidate aligned with Identity Evidence,"Attestation relies on runtime/platform evidence and supports binding identity issuance to an entity/workload.","Unify under generic Evidence with provenance and evidence type?"
CAND-NH-024,SPIFFE ID,Identifier subtype,Representable by Identifier,"SPIFFE",Medium,Mapping/profile,"SPIFFE ID is explicitly an identifier URI and should not be modeled as workload itself or credential.","Is current Identifier scheme model sufficient to represent structured trust-domain-scoped identifiers?"
CAND-NH-025,SVID,Verifiable identity document / credential,Missing specific mapping,"SPIFFE",Medium,Machine/Workload profile specialization/mapping,"SVID communicates a SPIFFE ID in a cryptographically verifiable document and has lifecycle/rotation.","Map SVID to Credential or Proof-bearing Credential subtype?"
CAND-NH-026,Trust Domain,Identity namespace/security boundary,Missing,"SPIFFE; Google/AWS analogues",Medium,Trust + Machine profile candidate,"Trust domain is an identity namespace backed by issuing authority/keys and distinct from IdentityContext and government TrustFramework.","Introduce generic TrustDomain/IdentityNamespace in shared Trust profile or mapping-only?"
CAND-NH-027,Trust Bundle,Cryptographic trust artifact,Missing,"SPIFFE",Medium,Trust/Machine profile,"Bundle contains authoritative public keys for a trust domain and changes through key rotation.","Specialize TrustReference/TrustAnchor-support artifact or keep SPIFFE mapping?"
CAND-NH-028,Issuing Authority,Authority role,Partial via providers,"SPIFFE; PKI; credential ecosystems",High,Core-or-shared-profile role,"Non-human identity issuance repeatedly depends on an authority able to issue/sign credentials or identity documents.","Can existing CredentialServiceProvider/Issuer semantics support non-human identity without NIST-centric terminology?"
CAND-NH-029,Temporary Credential,Credential/session artifact,Missing explicit generic,"AWS; Google; Kubernetes; Entra",High,Core-or-profile lifecycle candidate,"Workload federation frequently exchanges proof for short-lived access credentials distinct from durable identity.","Generic TemporaryCredential subtype or temporal property on Credential?"
CAND-NH-030,Token Exchange,Event,Missing,"Google STS; OAuth RFC 8693; cloud workload federation",High,Enterprise/Machine profile candidate,"Federation often transforms external credential into local short-lived token/security context.","Model generic CredentialExchange event or keep protocol-level mapping?"
CAND-NH-031,Credential Rotation,Lifecycle event,Implicit,"SPIFFE; Kubernetes; managed identities",High,Generic lifecycle candidate,"Short-lived machine credentials rotate automatically and identity remains stable across rotations.","Add generic credential lifecycle events to Core lifecycle pattern?"
CAND-NH-032,Workload Identity Federation,Federation specialization,Missing,"Google; Entra; GitHub/AWS patterns",High,Machine/Workload profile specialization,"Workload federation reuses generic federation semantics but subjects, credentials and trust mechanics differ from human SSO.","Specialize generic Federation in profile while reusing Core relations?"
CAND-NH-033,Workload Identity Pool / Namespace,Administrative identity domain,Missing,"Google; SPIFFE trust domain analogous",Medium,Machine/Workload profile,"Groups external workload identities and provider mappings under administrative boundary.","Map to IdentityNamespace/AdministrativeDomain rather than new Core class?"
CAND-NH-034,Workload Identity Provider,Provider/configuration role,Missing,"Google WIF; Entra external IdP trust",Medium,Machine/Federation profile,"Describes federation relationship/provider for workload identities; not necessarily an identity issuer itself.","Reuse IdentityProvider role or create FederationProvider/TrustConfiguration abstraction?"
CAND-NH-035,Agent Identity,Digital identity/account pattern,Missing,"Microsoft Entra Agent ID; AWS AgentCore",Medium,Agent profile specialization of DigitalIdentity/Account,"Platforms create distinct identity representations for AI agents, often at scale and with dynamic lifecycle.","Should AgentIdentity be profile specialization only or evidence for a generic SoftwareAgentIdentity pattern?"
CAND-NH-036,Agent User Account,Compatibility account pattern,Missing,"Microsoft Entra Agent ID",Low,Vendor/profile mapping,"An agent may be paired one-to-one with special user account for systems requiring user semantics, while remaining non-human.","Keep mapping-only to avoid classifying agents as persons/users?"
CAND-NH-037,Agent Sponsor / Owner,Governance role,Missing,"Microsoft Entra Agent ID; agent governance",Medium,Agent profile candidate,"Agent identities can have human sponsor/owner accountable for lifecycle and governance.","Generic IdentitySponsor/AccountableOwner role or agent-specific profile relation?"
CAND-NH-038,Autonomous Access,Authorization mode,Missing,"Microsoft Entra Agent ID; AWS AgentCore",Medium,Agent profile candidate,"Agent uses permissions assigned directly to its identity, distinct from acting for a user.","Represent as access provenance/mode on Authorization/Grant rather than class?"
CAND-NH-039,Delegated Agent Access,Delegation relation/authorization mode,Missing,"Microsoft Entra Agent ID; AWS AgentCore; RFC 8693 prior wave",High,Core Delegation candidate + Agent profile,"Agent acts on behalf of human user using delegated rights; actor and subject must remain distinct.","Promote generic Delegation/actsOnBehalfOf relation to Core and specialize agent use in profile?"
CAND-NH-040,Agent Blueprint / Identity Template,Governance/config artifact,Missing,"Microsoft Entra Agent ID",Low,Agent profile mapping,"Blueprint governs scalable creation/configuration of agent identities but is product/emerging-specific.","Keep profile/mapping-only unless additional platforms converge on identity-template semantics?"